Training Loss,Training Std,Validation Loss,Validation Std
0.0009911018329701845,0.0017792412523230789,0.0009938453974761186,0.0014403824409812312
0.0018621688423536308,0.004302364170917139,0.004060134026761904,0.007113947889919025
0.0006807910646400662,0.0013520134552833733,0.0020298880561233105,0.0013652869807846077
0.000542733339859777,0.001627097575025206,0.001158816001439426,0.0016334704550955111
0.001496844509786087,0.0015109270342773145,0.0017656278308129678,0.002175863288145464
0.0006486410744646694,0.0031945696247822745,0.005282489409094025,0.003367677029809689
