Training Loss,Training Std,Validation Loss,Validation Std
0.0009603841601374584,0.0024605335002210226,0.0021037519719524127,0.0030510340845995637
0.0003073046425723598,0.0011253426070162956,0.0017883168270019188,0.002315140067654654
0.0006087489360065348,0.002628930612671074,0.007479572060304804,0.007227307153829024
0.0007094250604884762,0.003712450613840327,0.0017674311721344164,0.00797669746483799
0.0002870289901091263,0.0008396552668317924,0.001780920598325112,0.0037148620908932046
0.0018480173405942366,0.006068889457113696,0.004682750065444506,0.00832855503775401
