Training Loss,Training Std,Validation Loss,Validation Std
0.07795936978934873,0.15163205661905738,0.012234448150238934,0.016418326674083224
0.025582699852821283,0.03896466113534799,0.017733461323020044,0.022634814959878697
0.07292110608472237,0.11624641223133499,0.023760419379926657,0.0505663246547873
0.0695358410609133,0.11732768990304711,0.024512287127150405,0.0564063851902251
0.08683978874608167,0.12420462204748509,0.02659141253135926,0.0534570213988434
0.04594387192110002,0.06548051584711911,0.013299113058086837,0.023906693555603615
