Training Loss,Training Std,Validation Loss,Validation Std
0.07795640411029939,0.15163284844014277,0.012238452934699016,0.01641744765320997
0.025626977793438966,0.03636998145094284,0.016447194410178834,0.022363921533755857
0.07167318999498715,0.11660121978124488,0.023283249381807963,0.050752456882409126
0.07409889045249388,0.118974610541757,0.026663792849470312,0.056887500072046134
0.08449889518537901,0.12363950738340801,0.02336568428087854,0.05337845960235121
0.0462343553058641,0.06541741300850898,0.012823735378915301,0.024314899883096923
