Training Loss,Training Std,Validation Loss,Validation Std
0.0006528925725315332,0.0026923400291903534,0.001998832135748318,0.005150538536110699
0.0006719677946797309,0.0029818291135259136,0.003595982131425516,0.009126465763043658
0.0005218209619691664,0.0019209386605155217,0.003180025251512571,0.004077803928201356
0.0008028613737466945,0.003900651533305219,0.003023693541875348,0.011400128041725117
0.00019013458196595102,0.0009196530234630114,0.0011042897358654238,0.0034212616105884276
0.0014627063222671251,0.006549879816095365,0.007036535430152584,0.012151008552281113
