Training Loss,Training Std,Validation Loss,Validation Std
0.0005462586748540097,0.0017513381071108084,0.002370553753941716,0.005471446693173097
0.00028582827799391024,0.0019007516190556288,0.002610389276517615,0.006858832145144749
0.0008525556799385679,0.004333503071260762,0.007535312711079402,0.009121041860092377
0.0015098218268653225,0.0070094499844923506,0.006861171460843769,0.018001074012905814
0.00038027440018803554,0.0014954332898713609,0.0020553007970770558,0.007016424358546181
0.0010027372964672933,0.004395262085407818,0.0028237956807129583,0.0076278813583304
