Training Loss,Training Std,Validation Loss,Validation Std
0.04502020815716071,0.0674403429568504,0.010344272030999574,0.017174792271542037
0.01912790487314431,0.03562453592384402,0.008291554463704371,0.011765062337034372
0.020051341639764252,0.03996920782451766,0.013020118530302428,0.024290829649898087
0.037124365412173364,0.05804912141733128,0.017261137869783057,0.027714171928087627
0.03602447395003557,0.06423140156720415,0.007135836113087252,0.014527577606779455
0.034351796888425865,0.0594723743859589,0.011288144817242734,0.019546880630242614
