Training Loss,Training Std,Validation Loss,Validation Std
0.0558732386297283,0.07952320350336427,0.016765293692392096,0.0328649043109513
0.016518839264950888,0.04440774381533842,0.017897473801563698,0.021701514238430086
0.011683636305170464,0.016367146733280963,0.011133971958543482,0.010119290974561594
0.023408369898593857,0.046524260111502506,0.00641308823160342,0.01290264220210265
0.02760164000829868,0.036774482044523035,0.004590309448082262,0.008326842161945005
0.06469613933215188,0.09077014276194391,0.01522028485394028,0.02845077263589284
