Training Loss,Training Std,Validation Loss,Validation Std
0.0018205892491536693,0.0025503859309465894,0.0032283204526735118,0.005821319974528461
0.00232896830927725,0.004596859478550785,0.009277134976908267,0.02321429129531087
0.003221529183288979,0.0039573744324344325,0.006605144244175673,0.009675243256683353
0.004046231537364097,0.007227675502439329,0.009407603292429362,0.02095452013658501
0.0013057787984272634,0.0021639721049451907,0.005089991565815403,0.012379854268014304
0.00622522653788888,0.012466063660625155,0.009644260649054163,0.025341891851841717
