Training Loss,Training Std,Validation Loss,Validation Std
0.0013843766030417115,0.0021953330031620182,0.00217443287923875,0.00576388905722637
0.0013913017046146708,0.0033998491256774566,0.005413623385823596,0.016159477524827347
0.002628397204106536,0.004709380504382168,0.004876284256664662,0.015291295027266755
0.006658479972651953,0.009157732963185674,0.011096775329201601,0.028412651333717894
0.0010494099199477233,0.0017269850328211973,0.0036038388219230455,0.009097784767499395
0.0043918631517305875,0.007613909149655996,0.007624101524169075,0.012503134507244579
